Sentiment Classification,Adj Close,Next_Close,Next_Movement,Sentiment_Match
1,37.97066879,37.6546669,0,0
1,37.6546669,30.29800034,0,0
1,30.29800034,53.59999847,1,1
1,53.59999847,53.25,0,0
1,53.25,99.00133514,1,1
1,99.00133514,53.55533218,0,0
1,53.55533218,137.9933319,1,1
0,137.9933319,49.87133408,0,1
1,49.87133408,36.36333466,0,0
1,36.36333466,99.80400085,1,1
1,99.80400085,99.80400085,0,0
0,99.80400085,106.1553345,1,0
1,106.1553345,122.3759995,1,1
1,122.3759995,143.5446625,1,1
1,143.5446625,32.08933258,0,0
1,32.08933258,38.20000076,1,1
1,38.20000076,144.6666718,1,1
1,144.6666718,141.4100037,0,0
1,141.4100037,140.3999939,0,0
1,140.3999939,153.7666626,1,1
1,153.7666626,140.8800049,0,0
1,140.8800049,173.9499969,1,1
1,173.9499969,189.1999969,1,1
1,189.1999969,103.6506653,0,0
1,103.6506653,213.2766724,1,1
1,213.2766724,218.6333313,1,1
1,218.6333313,231.6666718,1,1
1,231.6666718,221.2299957,0,0
1,221.2299957,231.593338,1,1
1,231.593338,235.2233276,1,1
1,235.2233276,402.8633423,1,1
1,402.8633423,236.5566711,0,0
1,236.5566711,361.5333252,1,1
1,361.5333252,232.9466705,0,0
1,232.9466705,210.0899963,0,0
1,210.0899963,211.8733368,1,1
1,211.8733368,196.5800018,0,0
1,196.5800018,251.9933319,1,1
1,251.9933319,224.5266724,0,0
1,224.5266724,218.9833374,0,0
1,218.9833374,218.9833374,0,0
1,218.9833374,268.2733459,1,1
1,268.2733459,281.0100098,1,1
1,281.0100098,341.6199951,1,1
1,341.6199951,270.5533447,0,0
1,270.5533447,263.980011,0,0
1,263.980011,360.6400146,1,1
1,360.6400146,336.2900085,0,0
1,336.2900085,356.7799988,1,1
1,356.7799988,310.4166565,0,0
1,310.4166565,310.4166565,0,0
1,310.4166565,312.4700012,1,1
1,312.4700012,282.1166687,0,0
1,282.1166687,303.0833435,1,1
1,303.0833435,333.0366821,1,1
1,333.0366821,337.9733276,1,1
1,337.9733276,363.9466553,1,1
1,363.9466553,307.7733459,0,0
1,307.7733459,381.8166809,1,1
1,381.8166809,236.4733276,0,0
1,236.4733276,221.3000031,0,0
0,221.3000031,253.2100067,1,0
1,253.2100067,354.8999939,1,1
1,354.8999939,289.2600098,0,0
1,289.2600098,309.3200073,1,1
0,309.3200073,308.730011,0,1
1,308.730011,282.9400024,0,0
1,282.9400024,279.4333191,0,0
0,279.4333191,207.2799988,0,1
1,207.2799988,222.4199982,1,1
1,222.4199982,234.343338,1,1
0,234.343338,216.5,0,1
1,216.5,368.7399902,1,1
0,368.7399902,242.6666718,0,1
1,242.6666718,160.9499969,0,0
1,160.9499969,156.8000031,0,0
1,156.8000031,137.8000031,0,0
1,137.8000031,109.0999985,0,0
0,109.0999985,207.5200043,1,0
1,207.5200043,122.4000015,0,0
0,122.4000015,128.7799988,1,0
1,128.7799988,144.4299927,1,1
1,144.4299927,194.6399994,1,1
1,194.6399994,214.2400055,1,1
1,214.2400055,202.0399933,0,0
1,202.0399933,108.0999985,0,0
1,108.0999985,194.7700043,1,1
1,194.7700043,259.3200073,1,1
1,259.3200073,180.5899963,0,0
1,180.5899963,165.0800018,0,0
0,165.0800018,238.7200012,1,0
1,238.7200012,184.4700012,0,0
0,184.4700012,184.4700012,0,1
1,184.4700012,256.7900085,1,1
1,256.7900085,255.8999939,0,0
1,255.8999939,196.8099976,0,0
1,196.8099976,187.7100067,0,0
1,187.7100067,291.2600098,1,1
1,291.2600098,255.7100067,0,0
0,255.7100067,257.1799927,1,0
1,257.1799927,244.1199951,0,0
1,244.1199951,211.9900055,0,0
1,211.9900055,200.8399963,0,0
0,200.8399963,186.7899933,0,1
1,186.7899933,247.1399994,1,1
1,247.1399994,248.4799957,1,1
1,248.4799957,183.25,0,0
0,183.25,191.5899963,1,0
1,191.5899963,199.3999939,1,1
0,199.3999939,201.8800049,1,0
1,201.8800049,162.5,0,0
1,162.5,173.8000031,1,1
1,173.8000031,177.6699982,1,1
1,177.6699982,175.7899933,0,0
1,175.7899933,237.9299927,1,1
1,237.9299927,188.1399994,0,0
1,188.1399994,242.8399963,1,1
1,242.8399963,161.4799957,0,0
1,161.4799957,161.4799957,0,0
1,161.4799957,155.4499969,0,0
0,155.4499969,147.0500031,0,1
0,147.0500031,142.0500031,0,1
0,142.0500031,142.0500031,0,1
0,142.0500031,144.6799927,1,0
1,144.6799927,144.6799927,0,0
1,144.6799927,168.2899933,1,1
0,168.2899933,168.2899933,0,1
1,168.2899933,194.0500031,1,1
1,194.0500031,183.2799988,0,0
0,183.2799988,175.0,0,1
1,175.0,177.5500031,1,1
1,177.5500031,174.8399963,0,0
0,174.8399963,173.7400055,0,1
1,173.7400055,176.75,1,1
1,176.75,178.0800018,1,1
1,178.0800018,182.4700012,1,1
1,182.4700012,182.4700012,0,0
1,182.4700012,187.5800018,1,1
1,187.5800018,178.6499939,0,0
1,178.6499939,178.6499939,0,0
1,178.6499939,296.9100037,1,1
1,296.9100037,251.5099945,0,0
1,251.5099945,246.3800049,0,0
0,246.3800049,246.3800049,0,1
1,246.3800049,215.9900055,0,0
1,215.9900055,220.25,1,1
0,220.25,219.8000031,0,1
0,219.8000031,221.1000061,1,0
0,221.1000061,210.6600037,0,1
0,210.6600037,213.2100067,1,0
1,213.2100067,209.2100067,0,0
1,209.2100067,260.4599915,1,1
0,260.4599915,263.2600098,1,0
0,263.2600098,263.2600098,0,1
1,263.2600098,220.8899994,0,0
1,220.8899994,213.6499939,0,0
1,213.6499939,260.480011,1,1
1,260.480011,269.1900024,1,1
1,269.1900024,227.2200012,0,0
1,227.2200012,,0,0
